n_estimators,max_depth,min_samples_split,min_samples_leaf,class_weight,Precision nivel1,Precision nivel2,Precision nivel3,Precision nivel4,Recall nivel1,Recall nivel2,Recall nivel3,Recall nivel4,Drugs that have at least one match,F1 nivel1
100,40,2,1,None,0.4218533886583677,0.5587639311043564,0.6278026905829598,0.5571992110453649,0.6637275242047028,0.6686930091185409,0.7533632286995515,0.7041420118343196,"[329, 223, 169, 119]",0.5158449304218742
50,None,2,1,None,0.4107883817427384,0.5203873598369009,0.6481481481481483,0.6054216867469879,0.6644190871369294,0.6529051987767585,0.7615740740740741,0.713855421686747,"[327, 216, 166, 120]",0.5076892590568721
50,20,2,1,None,0.4080221300138313,0.5157041540020262,0.6259968102073366,0.5390295358649787,0.6699515905947441,0.6271529888551165,0.7400318979266348,0.6582278481012658,"[329, 209, 158, 105]",0.5071646363443773
50,40,2,1,None,0.4090594744121713,0.5527950310559007,0.6457399103139013,0.6024096385542167,0.655774550484094,0.6894409937888198,0.7331838565022422,0.7349397590361446,"[322, 223, 166, 123]",0.5038358780468797
100,None,2,1,None,0.4087136929460577,0.5342679127725857,0.6543778801843319,0.6021825396825395,0.653526970954357,0.6664070612668743,0.7642089093701997,0.7232142857142857,"[321, 217, 168, 122]",0.5029094268672196
500,20,2,1,None,0.4045643153526969,0.521421107628004,0.5674796747967479,0.5933333333333334,0.6452282157676349,0.6353187042842215,0.7170731707317073,0.6966666666666667,"[319, 205, 150, 105]",0.4973102848801927
100,20,2,1,None,0.4031811894882433,0.5356762513312031,0.625,0.546236559139785,0.6369294605809128,0.6682641107561235,0.7240566037735849,0.7,"[313, 212, 155, 109]",0.49378972808334054
500,40,2,1,None,0.3934993084370676,0.5548455804046858,0.6205501618122978,0.6196868008948545,0.6312240663900414,0.6560170394036209,0.7184466019417476,0.7885906040268457,"[313, 206, 149, 118]",0.4847868989720715
100,None,2,2,None,0.3886583679114798,0.4921135646687697,0.6371527777777777,0.5611510791366907,0.6396957123098201,0.5998948475289169,0.7083333333333334,0.6870503597122302,"[317, 192, 139, 97]",0.4835359654581289
500,None,5,2,None,0.3907330567081605,0.5148619957537154,0.5408163265306123,0.5664062500000001,0.6329529737206087,0.6167728237791932,0.6454081632653061,0.7265625,"[314, 196, 128, 93]",0.4831865295080478
50,40,2,1,balanced,0.3838174273858921,0.5015873015873015,0.6156462585034015,0.6701388888888887,0.634508990318119,0.612962962962963,0.7236394557823129,0.7905092592592593,"[315, 196, 144, 115]",0.47830558862690126
100,20,5,2,None,0.3803596127247579,0.4872204472843449,0.6394736842105264,0.5516431924882629,0.6348547717842323,0.5963791267305644,0.7342105263157894,0.6690140845070423,"[313, 190, 142, 95]",0.4757086164595746
500,None,2,1,None,0.3803596127247579,0.502679528403001,0.677721088435374,0.618421052631579,0.6298409405255879,0.620042872454448,0.7678571428571429,0.756578947368421,"[311, 196, 152, 116]",0.4742940507124057
500,20,2,2,None,0.378284923928077,0.5207006369426749,0.6000000000000001,0.551643192488263,0.6319156293222683,0.6284501061571126,0.7075,0.6866197183098591,"[314, 200, 142, 98]",0.47326078964816776
500,None,5,1,None,0.3741355463347162,0.5297239915074309,0.6412151067323482,0.5559284116331095,0.6369294605809129,0.6390658174097664,0.7282430213464696,0.6711409395973155,"[314, 203, 149, 101]",0.4713800795817698
100,20,5,1,None,0.3762102351313971,0.5214362272240084,0.6267006802721089,0.4685314685314685,0.627939142461964,0.6235262593783494,0.7295918367346939,0.5757575757575757,"[311, 196, 143, 84]",0.47052189187232574
100,None,5,1,None,0.3789764868603041,0.5144444444444446,0.6145299145299147,0.539568345323741,0.61082295988935,0.6411111111111112,0.7076923076923077,0.6690647482014388,"[300, 195, 139, 93]",0.4677463504200715
100,None,5,2,None,0.3734439834024897,0.4759562841530053,0.6054054054054056,0.4899749373433585,0.6196403872752421,0.5961748633879782,0.70990990990991,0.6090225563909775,"[305, 185, 133, 82]",0.4660248038003214
500,40,2,2,None,0.3686030428769016,0.4994640943193999,0.685,0.5444444444444444,0.6260373443983402,0.6393354769560556,0.74,0.6633333333333333,"[311, 200, 150, 100]",0.46400542960447105
50,40,5,1,None,0.3699861687413549,0.4950980392156862,0.6111111111111112,0.494949494949495,0.6189488243430153,0.6007625272331155,0.7051971326164874,0.6060606060606061,"[306, 186, 132, 82]",0.463129539893025
500,20,5,2,None,0.3686030428769021,0.4733115468409584,0.60663082437276,0.5125313283208021,0.6192946058091287,0.596949891067538,0.7096774193548387,0.631578947368421,"[306, 186, 133, 85]",0.4621407418918666
50,20,5,1,None,0.3658367911479944,0.4935064935064936,0.6178010471204188,0.5133819951338199,0.619640387275242,0.6158008658008658,0.7041884816753927,0.6131386861313869,"[308, 191, 137, 86]",0.4600558103418989
50,40,2,2,None,0.3692946058091284,0.5344632768361584,0.6176975945017182,0.5000000000000001,0.6001037344398339,0.6491525423728812,0.7216494845360825,0.6293706293706294,"[295, 194, 143, 91]",0.4572218929065399
50,40,5,2,None,0.3644536652835407,0.4768211920529801,0.6098901098901099,0.5178117048346056,0.6123789764868602,0.5883002207505519,0.7142857142857143,0.6412213740458015,"[302, 182, 131, 85]",0.45695394068470835
100,40,5,2,None,0.3686030428769018,0.5022675736961449,0.5978260869565217,0.4641025641025641,0.591804979253112,0.6196145124716553,0.7010869565217391,0.6,"[294, 184, 130, 78]",0.45426758443479204
500,None,2,1,balanced,0.3568464730290461,0.5466008771929824,0.6666666666666667,0.5427631578947368,0.6177385892116183,0.643640350877193,0.7678571428571429,0.6743421052631579,"[304, 196, 152, 103]",0.4523726975812599
50,20,5,2,None,0.3603042876901796,0.493888888888889,0.6105263157894737,0.52363184079602,0.6059820193637622,0.6238888888888888,0.6973684210526315,0.6194029850746269,"[300, 190, 134, 83]",0.45191144331869015
500,40,5,2,None,0.3547717842323653,0.5148514851485148,0.618018018018018,0.5651629072681703,0.6120331950207469,0.6036853685368536,0.7162162162162162,0.6741854636591479,"[303, 185, 133, 91]",0.44917457660320925
50,20,2,2,None,0.3547717842323653,0.4900332225913622,0.5801457194899818,0.5013661202185793,0.6052904564315353,0.6007751937984496,0.6557377049180327,0.610655737704918,"[301, 183, 122, 76]",0.4473459451098544
100,40,2,2,None,0.3513139695712308,0.5384615384615383,0.5880829015544043,0.5286069651741294,0.6023513139695713,0.6385172798216276,0.6917098445595855,0.6492537313432836,"[299, 193, 134, 87]",0.4437918310319682
500,None,2,2,None,0.3540802213001381,0.4960317460317461,0.636936936936937,0.5084541062801933,0.594225449515906,0.6173469387755101,0.7333333333333333,0.6123188405797102,"[294, 185, 138, 86]",0.4437461150806108
100,None,2,2,balanced,0.3326417704011065,0.489265536723164,0.500925925925926,0.529874213836478,0.5963001383125863,0.5994350282485876,0.5824074074074074,0.6226415094339622,"[295, 180, 106, 67]",0.4270543331894347
500,None,5,1,balanced,0.3291839557399724,0.5216666666666666,0.5918918918918918,0.546875,0.6063278008298755,0.6094444444444443,0.6810810810810811,0.66015625,"[300, 185, 128, 85]",0.42670417031235747
100,None,5,1,balanced,0.334716459197787,0.4931034482758621,0.5657142857142857,0.519774011299435,0.5826417704011065,0.5913793103448276,0.6685714285714286,0.6101694915254238,"[290, 175, 118, 72]",0.4251769572169401
500,40,5,1,balanced,0.329875518672199,0.4810996563573884,0.5790476190476191,0.563768115942029,0.5862724757952974,0.5933562428407789,0.6485714285714286,0.6826086956521739,"[291, 175, 115, 79]",0.4221958421654754
100,40,2,2,balanced,0.3201936376210234,0.4864546525323911,0.5764705882352942,0.5463768115942029,0.56932918395574,0.5895170789163722,0.6735294117647059,0.6565217391304348,"[283, 170, 115, 76]",0.40987274973217885
500,40,5,2,balanced,0.3174273858921162,0.507042253521127,0.5790476190476191,0.4811594202898551,0.5778008298755186,0.5991784037558685,0.6514285714285715,0.5652173913043478,"[284, 175, 115, 65]",0.4097498353230793
50,None,2,2,balanced,0.3146611341632087,0.4733796296296296,0.5664621676891616,0.5108024691358025,0.5810857538035962,0.5572916666666665,0.6533742331288344,0.6064814814814815,"[288, 163, 108, 66]",0.4082517166271162
500,None,2,2,balanced,0.316735822959889,0.4739952718676123,0.5955284552845528,0.4985380116959064,0.571058091286307,0.5726950354609928,0.6829268292682927,0.5789473684210527,"[282, 164, 114, 67]",0.40746968772600345
500,40,2,2,balanced,0.3084370677731673,0.4814814814814816,0.5787321063394683,0.5705705705705705,0.5826417704011065,0.5587384259259259,0.6728016359918201,0.6936936936936937,"[288, 163, 111, 78]",0.4033499877359619
50,40,5,2,balanced,0.3001383125864452,0.4753722794959907,0.564870259481038,0.5793650793650793,0.5885200553250345,0.565864833906071,0.6167664670658682,0.6476190476190476,"[291, 167, 105, 68]",0.397537282507494
500,None,5,2,balanced,0.297372060857538,0.4899882214369846,0.5813253012048194,0.515015015015015,0.5715767634854771,0.5736160188457008,0.6566265060240963,0.5945945945945946,"[283, 166, 111, 66]",0.39121051858138506
50,40,2,2,balanced,0.2987551867219916,0.501194743130227,0.5483234714003946,0.5412844036697247,0.5596473029045643,0.5985663082437275,0.6331360946745562,0.6192660550458715,"[279, 169, 109, 68]",0.38955510147798067
100,20,5,1,balanced,0.2897648686030425,0.486810551558753,0.5692771084337349,0.3852201257861635,0.5631051175656984,0.5845323741007195,0.6265060240963856,0.4433962264150943,"[278, 166, 106, 47]",0.3826329523779079
500,20,2,2,balanced,0.2835408022130013,0.4244604316546764,0.5011574074074074,0.3744855967078189,0.5608575380359614,0.5035971223021583,0.5555555555555556,0.4691358024691358,"[278, 144, 81, 38]",0.3766610820552729
50,20,2,1,balanced,0.2759336099585059,0.5096969696969698,0.6131687242798354,0.4598765432098765,0.5544605809128631,0.5806060606060607,0.6481481481481481,0.5509259259259259,"[275, 162, 108, 60]",0.3684859825679487
500,20,5,1,balanced,0.2697095435684644,0.4510869565217392,0.5384615384615384,0.4867424242424242,0.5541147994467497,0.5138888888888888,0.6048951048951049,0.5397727272727273,"[276, 143, 88, 48]",0.3628201834782492
100,20,2,2,balanced,0.2710926694329181,0.4012578616352201,0.5633074935400517,0.4024390243902439,0.5390733056708161,0.480188679245283,0.6291989664082688,0.4451219512195122,"[265, 129, 82, 37]",0.36076267319327315
500,20,5,2,balanced,0.2600276625172887,0.4311454311454311,0.5074074074074073,0.3568376068376068,0.5205739972337482,0.5102960102960103,0.5666666666666667,0.4102564102564102,"[259, 135, 78, 32]",0.3468187339267139
50,20,2,2,balanced,0.2489626556016595,0.4581699346405228,0.5333333333333333,0.5166666666666666,0.5140041493775933,0.5261437908496733,0.5814814814814815,0.5625,"[255, 135, 80, 45]",0.3354479832783748
